					
tables charis apples oranges	0	大学教員	M	40	0 t 74 a 134 b 156 l 90 e 164 s 234 SPACE 549 c 138 h 63 a 137 r 243 s 195 SPACE 159 a 166 p 150 p 171 l 138 e 709 s 390 SPACE 351 o 91 r 131 a 176 n 101 g 78 e 214 s 500 Enter
tables charis apples oranges	0	大学教員	M	40	0 t 83 a 199 b 156 l 81 e 172 s 189 SPACE 264 c 147 h 138 a 149 r 133 i 1251 s 382 SPACE 269 a 202 p 160 p 209 l 77 e 238 s 250 SPACE 303 o 190 r 136 a 288 n 209 g 94 e 307 s 486 Enter
tables chairs apples oranges	0	大学教員	M	40	0 t 69 a 130 b 166 l 61 e 195 s 112 SPACE 216 c 94 h 154 a 475 i 101 r 262 s 230 SPACE 182 a 203 p 525 p 334 l 160 e 213 s 172 SPACE 326 o 399 r 250 a 238 n 151 g 85 e 236 s 501 Enter
tables chairs apples oranges	0	大学教員	M	40	0 t 67 a 163 b 163 l 75 e 185 s 165 SPACE 314 c 117 h 229 a 252 i 90 r 250 s 263 SPACE 321 a 203 p 157 p 211 l 115 e 178 s 213 SPACE 714 o 75 r 155 a 260 n 160 g 57 e 483 s 391 Enter
tables chairs apples oranges	0	大学教員	M	40	0 t 85 a 166 b 176 l 84 e 195 s 116 SPACE 188 c 103 h 138 a 311 i 343 r 260 s 287 SPACE 560 a 163 p 145 p 231 l 108 e 188 s 212 SPACE 291 o 148 r 124 a 176 n 88 g 102 e 232 s 1808 Enter
tables chairs apples oranges	1	無職	F	70	0 t 1781 a 12454 b 5352 l 6092 e 13171 s 10828 SPACE 9298 c 2739 h 3713 a 11187 i 8496 r 6603 s 4637 SPACE 1580 a 5315 p 988 p 6363 l 4727 e 2083 s 1815 SPACE 8673 o 1766 r 4488 a 3897 n 7116 g 1929 e 1808 s 2455 Enter
te bles chairs apples oranges	1	無職	F	70	0 t 3885 e 4680 b 4119 l 2618 e 735 s 2226 SPACE 3499 c 923 h 3905 a 9321 i 1717 r 1913 s 1778 SPACE 2193 a 7770 p 589 p 1909 l 2727 e 2311 s 2264 SPACE 5291 SPACE 12942 o 3686 r 1509 a 4806 n 6809 g 970 e 586 s 10577 Enter
tables chairs apples oranges	1	無職	F	70	0 t 15588 a 13960 b 3482 l 2801 e 519 s 3229 SPACE 13906 c 1256 h 5059 a 1341 i 4877 r 783 s 2148 SPACE 11800 a 3470 p 509 p 5718 l 1135 e 445 s 1892 SPACE 6890 o 1406 r 4910 a 1824 n 5144 g 951 e 1345 s 2633 Enter
tables chairs apples oranges	1	無職	F	70	0 t 2224 a 3747 b 4962 l 1564 e 444 s 1993 SPACE 3158 c 2194 h 5022 a 1307 i 8435 r 4570 s 2364 SPACE 28348 a 1921 p 632 p 2316 l 1943 e 510 s 2158 SPACE 6675 o 3118 r 1640 a 2164 n 4160 g 768 e 482 s 3167 Enter
tables chairs apples oranges	1	無職	F	70	0 t 2124 a 1793 b 3185 l 1281 e 436 s 1592 SPACE 2574 c 5529 h 4028 a 1656 i 4077 r 2533 s 1560 SPACE 2172 a 3237 p 534 p 2307 l 2601 e 527 s 1551 SPACE 5974 o 3741 r 962 a 3450 n 3092 g 1338 e 1215 s 3849 Enter
tables chairs apples oranges	2	主婦	F	40	0 t 1042 a 2087 b 1341 l 2553 e 505 s 1385 SPACE 2469 c 658 h 1575 a 838 i 1552 r 416 s 798 SPACE 1552 a 2003 p 232 p 1586 l 737 e 1075 s 1830 SPACE 2768 o 804 r 1971 a 747 n 2439 g 461 e 359 s 887 Enter
tables chairs apples oranges	2	主婦	F	40	0 t 456 a 941 b 859 l 690 e 292 s 664 SPACE 1964 c 741 h 1915 a 718 i 4001 r 292 s 615 SPACE 1153 a 619 p 173 p 995 l 716 e 283 s 816 SPACE 1889 o 684 r 2287 a 1173 n 1533 g 773 e 282 s 628 Enter
tables chairs apples oranges	2	主婦	F	40	0 t 497 a 1337 b 550 l 1054 e 295 s 1477 SPACE 1636 c 619 h 1775 a 652 i 907 r 513 s 1593 SPACE 1135 a 594 p 175 p 340 l 701 e 282 s 1127 SPACE 1683 o 778 r 847 a 1413 n 486 g 702 e 250 s 610 Enter
atables chairs apples oranges	2	主婦	F	40	0 t 643 a 1417 b 478 l 627 e 319 s 1104 SPACE 1372 c 1132 h 1569 a 590 i 696 r 367 s 574 SPACE 2976 a 584 p 170 p 350 l 533 e 228 s 524 SPACE 2138 o 1033 r 920 a 1221 n 507 g 729 e 236 s 730 Enter
tables chairs apples oranges	2	主婦	F	40	0 t 467 a 1417 b 570 l 1578 e 729 s 869 SPACE 1520 c 749 h 746 a 2317 i 825 r 404 s 527 SPACE 1334 a 599 p 177 p 428 l 635 e 304 s 661 SPACE 1531 o 1711 r 508 a 797 n 665 g 602 e 246 s 1185 Enter
tables chairs apples oranges	3	教員	F	40	0 t 289 a 140 b 135 l 130 e 201 s 1324 SPACE 255 c 143 h 150 a 1535 i 234 r 314 s 713 SPACE 405 a 132 p 139 p 174 l 90 e 186 s 187 SPACE 390 o 114 r 157 g 989 a 202 n 242 g 204 e 214 s 1922 Backspace 306 Backspace 1053 e 220 s 594 Backspace 182 Backspace 320 Backspace 176 Backspace 156 Backspace 153 Backspace 173 Backspace 362 Backspace 302 o 207 r 214 a 363 n 315 g 203 e 188 s 431 Enter
tables chairs apples oranges	3	教員	F	40	0 t 133 a 99 b 100 l 92 e 164 s 111 SPACE 217 c 81 h 129 a 215 i 168 r 208 s 212 SPACE 130 a 166 p 137 p 162 l 89 e 175 s 355 SPACE 438 a 415 Backspace 326 p 383 r 295 Backspace 139 Backspace 534 o 121 r 188 a 262 n 788 g 205 e 177 s 716 Enter
tables chairs apples oranges	3	教員	F	40	0 t 137 a 54 b 105 l 109 e 158 s 116 SPACE 189 c 82 h 103 a 110 i 125 r 249 s 164 SPACE 188 a 105 p 128 p 156 e 48 l 239 s 648 Backspace 145 Backspace 153 Backspace 234 l 88 e 180 s 220 SPACE 230 o 151 r 190 a 158 n 151 g 152 e 169 s 379 Enter
tables chairs apples oranges	3	教員	F	40	0 t 120 a 72 b 118 l 93 e 164 s 328 SPACE 223 c 89 h 94 a 111 i 112 r 202 s 187 SPACE 192 a 94 p 130 p 156 l 75 e 178 s 240 SPACE 198 o 129 r 499 a 159 n 146 g 147 e 185 s 543 Enter
tables chairs apples oranges	3	教員	F	40	0 t 117 a 55 b 99 l 104 e 148 s 106 SPACE 163 c 92 h 106 a 87 i 151 r 606 s 252 SPACE 245 a 95 p 117 p 160 l 78 e 151 s 1152 SPACE 229 o 181 r 157 a 145 n 114 g 149 e 182 s 372 Enter
tables chairs apples oranges	4	会社員	F	40	0 t 171 a 398 b 1010 Backspace 781 Backspace 2810 t 1620 a 417 b 2155 l 265 e 318 s 469 SPACE 796 c 371 h 418 a 355 i 225 r 415 s 342 SPACE 403 a 457 p 184 p 345 l 222 e 317 s 321 SPACE 1385 o 425 r 207 a 420 n 377 g 224 e 282 s 2330 Enter
tables chairs apples oranges	4	会社員	F	40	0 t 180 a 358 b 529 l 275 e 240 s 287 SPACE 568 c 232 h 213 a 360 i 839 r 628 e 1654 Backspace 399 s 329 SPACE 402 a 520 p 197 p 570 l 219 e 316 s 390 SPACE 752 o 226 r 189 a 148 n 195 g 179 e 308 s 473 SPACE 1016 Backspace 294 Enter
tables chairs apples oranges	4	会社員	F	40	0 t 124 a 557 b 537 l 190 e 274 s 288 SPACE 887 c 299 h 171 a 1421 i 753 r 471 s 351 SPACE 1324 a 289 p 191 p 296 l 204 e 268 s 222 SPACE 408 o 406 r 174 a 208 n 259 g 165 e 1200 s 635 Enter
tables chairs apples oranges	4	会社員	F	40	0 t 154 a 312 b 307 l 171 e 233 s 317 SPACE 738 c 225 h 185 a 468 i 198 r 357 s 329 SPACE 948 a 626 p 213 p 267 l 174 e 235 s 205 SPACE 711 o 205 r 160 a 204 n 218 e 1321 Backspace 221 g 188 e 248 s 615 Enter
tables chairs apples oranges	4	会社員	F	40	0 t 133 a 470 b 216 l 191 e 241 s 281 SPACE 792 c 249 h 193 a 425 i 217 r 399 s 323 SPACE 1235 a 310 p 206 p 655 l 190 e 275 s 431 SPACE 871 o 210 r 227 a 539 n 318 g 116 e 342 s 4364 Enter
tables chairs apples oranges	5	エンジニア	M	40	0 t 256 a 137 b 422 l 114 e 189 s 234 SPACE 569 v 1465 Backspace 297 c 198 h 160 a 603 i 73 r 180 s 170 SPACE 1637 a 332 p 132 p 185 l 126 e 374 s 909 SPACE 371 o 252 r 349 a 362 n 281 g 99 e 207 s 339 Enter
tables chairs apples oranges	5	エンジニア	M	40	0 t 669 a 322 b 206 l 227 e 1020 SPACE 660 c 137 h 260 a 541 i 210 r 892 s 2097 ArrowLeft 175 ArrowLeft 130 ArrowLeft 124 ArrowLeft 153 ArrowLeft 229 ArrowLeft 191 ArrowLeft 793 s 313 ArrowRight 164 ArrowRight 139 ArrowRight 143 ArrowRight 137 ArrowRight 205 ArrowRight 262 ArrowRight 726 SPACE 265 a 279 p 135 p 190 l 504 e 406 s 366 SPACE 545 o 176 r 275 a 582 n 241 g 88 e 190 s 435 Enter
tables chairs apples oranges	5	エンジニア	M	40	0 t 199 a 109 b 178 l 116 e 207 s 530 SPACE 211 c 138 h 286 a 486 i 85 r 216 s 399 SPACE 253 a 263 p 117 p 170 l 127 e 195 s 332 SPACE 365 o 204 r 294 a 264 n 264 g 95 e 175 s 442 Enter
tables chairs apples oranges	5	エンジニア	M	40	0 t 235 a 95 b 167 l 147 e 378 s 229 SPACE 431 c 150 h 185 a 336 i 125 r 280 s 483 SPACE 763 a 189 p 108 p 170 l 79 e 921 s 269 SPACE 464 o 198 r 269 a 230 n 253 g 89 e 193 s 1345 Enter
tables chairs apples oranges	5	エンジニア	M	40	0 t 182 a 92 b 167 l 115 e 328 s 359 SPACE 372 c 126 h 254 a 175 i 164 r 213 s 217 SPACE 515 a 239 p 115 p 149 l 105 e 194 s 216 SPACE 565 o 68 p 246 r 259 a 190 n 195 g 107 e 170 s 1098 Backspace 170 Backspace 633 Backspace 314 Backspace 466 Backspace 133 Backspace 131 Backspace 972 r 275 a 355 n 262 g 97 e 142 s 2379 Backspace 2682 s 7747 Enter
tables chairs apples oranges	6	学生	F	20	0 t 122 a 249 b 320 l 176 e 375 s 128 SPACE 1539 c 380 j 624 Backspace 181 h 85 a 135 i 541 r 766 s 145 SPACE 1346 a 228 p 86 p 176 l 551 e 192 s 165 SPACE 537 o 585 r 108 a 319 n 286 g 198 e 481 s 214 Enter
tables chairs apples oranges	6	学生	F	20	0 t 82 a 306 b 311 l 314 e 237 s 137 SPACE 708 c 338 h 100 a 148 i 337 r 734 s 127 SPACE 566 a 208 p 86 p 483 l 273 e 465 s 129 SPACE 750 o 478 r 101 a 201 n 202 g 264 e 472 s 213 Enter
tables chairs apples oranges	6	学生	F	20	0 t 83 a 514 b 418 l 222 w 549 Backspace 759 e 254 s 152 SPACE 808 c 574 h 134 a 293 i 2390 r 192 s 193 SPACE 480 a 206 p 760 p 199 l 95 e 393 s 139 SPACE 618 o 517 r 89 a 370 n 166 g 289 e 647 s 362 Enter
tables chairs apples oranges	6	学生	F	20	0 t 116 a 326 b 362 l 257 e 454 s 129 SPACE 1034 s 328 Backspace 458 c 392 h 89 a 142 i 295 r 526 s 149 SPACE 1266 a 486 p 86 p 403 l 439 s 156 SPACE 1337 Backspace 144 Backspace 1154 e 196 s 163 SPACE 1473 o 735 r 54 a 401 m 258 g 220 e 345 s 815 Backspace 104 Backspace 719 Backspace 131 Backspace 953 n 423 g 190 e 206 s 225 Enter
tables chairs apples oranges	6	学生	F	20	0 t 93 a 300 b 295 l 127 e 272 s 180 SPACE 1193 c 244 h 123 a 136 i 341 r 483 s 133 SPACE 782 a 154 p 78 p 151 l 175 e 254 s 162 SPACE 1488 u 460 Backspace 218 o 419 r 77 a 162 n 180 g 199 e 488 s 754 Enter
tables chairs apples oranges	7	事務	F	50	0 t 350 a 640 b 873 l 882 e 3088 s 1046 SPACE 1229 c 368 h 566 a 1497 i 1914 r 940 s 2008 SPACE 974 a 998 p 407 p 1239 l 2352 e 421 s 1592 SPACE 1406 o 489 r 124 e 3072 Backspace 1170 a 2078 n 742 g 1101 e 1766 s 2590 Enter
tables chairs apples oranges	7	事務	F	50	0 t 207 a 678 b 710 l 416 e 418 s 864 SPACE 970 c 316 h 459 a 1282 i 685 r 1180 s 441 SPACE 753 a 987 p 166 p 605 l 332 e 520 s 735 SPACE 692 o 706 r 1464 a 1431 n 769 g 1153 e 367 s 1166 Enter
tables chairs apples oranges	7	事務	F	50	0 t 217 a 650 b 386 l 728 e 326 s 1013 SPACE 373 c 436 h 250 a 2541 i 365 r 2993 s 373 SPACE 1628 a 474 p 153 p 890 l 833 e 652 s 679 SPACE 648 o 455 r 2567 a 1128 n 632 g 401 e 1943 s 1246 Enter
tables chairs apples oranges	7	事務	F	50	0 t 287 a 497 b 471 l 618 e 288 s 542 SPACE 764 v 272 h 235 a 1935 Backspace 341 Backspace 335 Backspace 1370 c 606 h 1154 a 825 i 577 r 1512 s 965 SPACE 443 s 881 Backspace 369 a 812 p 273 p 944 l 517 e 299 s 413 SPACE 683 o 625 r 1582 a 1046 n 687 g 861 e 1139 s 755 Enter
tables chairs apples oranges	7	事務	F	50	0 t 237 a 409 b 508 l 597 e 288 s 1127 SPACE 1472 c 301 h 417 a 2013 i 740 r 1061 s 335 SPACE 555 a 538 p 129 p 748 l 668 e 462 s 393 SPACE 575 o 686 r 110 e 1414 Backspace 1456 a 1527 n 610 g 1153 e 444 s 2714 Enter
tables chairs apples oranges 	8	学生A	F	20	0 t 231 a 2742 b 2865 l 2714 e 2385 s 2237 SPACE 1926 c 1263 h 1310 a 1647 i 1161 r 959 s 739 SPACE 998 a 2130 p 594 p 1986 l 2123 e 978 s 1177 SPACE 2554 o 1101 r 455 a 566 n 1366 g 1111 e 2582 e 1728 Backspace 279 s 1213 SPACE 1639 Enter
tables chairs apples oranges	8	学生A	F	20	0 t 466 a 3831 b 4783 l 865 e 470 s 889 SPACE 4529 c 1548 h 403 a 929 i 916 r 1573 s 1747 SPACE 1063 a 2109 p 220 p 2332 l 861 e 328 s 1285 SPACE 1799 o 986 r 996 a 798 n 1644 g 1282 e 1174 s 1219 Enter
tables chairs apples oranges	8	学生A	F	20	0 t 447 a 1086 b 1633 l 1482 e 3529 s 794 SPACE 1246 c 2004 h 591 a 565 i 558 r 616 s 1056 SPACE 1123 a 529 p 210 p 3141 l 1144 e 1089 s 766 SPACE 1392 o 745 r 351 a 545 n 795 g 500 e 361 s 1380 Enter
tables chairs apples oranges 	8	学生A	F	20	0 t 358 a 1308 b 1269 l 1062 e 962 s 797 SPACE 1162 c 1599 h 811 a 333 i 437 r 1222 s 877 SPACE 565 a 1089 p 286 p 3818 l 2499 e 462 s 947 SPACE 1698 o 591 r 461 a 568 n 760 g 426 e 428 s 661 SPACE 1182 Enter
tables chairs apples oranges	8	学生A	F	20	0 t 409 a 639 b 1524 l 926 e 2524 s 933 SPACE 1342 c 1966 h 1536 a 1418 i 871 r 820 s 1162 SPACE 1190 a 2938 p 290 p 1483 l 930 e 470 s 1173 SPACE 1511 o 1010 r 424 a 697 n 647 g 2079 e 630 s 1596 Enter
tables chairs apples oranges	9	無職A	M	70	0 t 213 a 3667 b 3104 l 3170 e 2088 s 4769 SPACE 4021 c 314 h 3231 a 1731 i 2823 r 1088 s 1390 SPACE 1990 a 1574 p 157 p 4332 l 2881 e 905 s 970 SPACE 3078 o 1815 r 1844 a 1740 n 4782 g 1638 e 1519 s 2182 Enter
tables chirs apples oranges	9	無職A	M	70	0 t 503 a 4657 b 2765 l 1022 e 1151 s 859 SPACE 2661 c 1616 h 1225 i 2475 r 823 s 879 SPACE 2192 a 1507 p 189 p 6739 l 1555 e 892 s 11779 SPACE 4709 o 2012 r 2668 a 5053 s 1772 n 4199 g 2904 e 1009 s 1621 Backspace 221 Backspace 3302 Backspace 3806 Backspace 312 Backspace 4937 n 3450 n 1459 g 1764 e 998 s 1662 Backspace 494 Backspace 323 Backspace 870 Backspace 2774 g 3932 e 599 s 4293 Enter
tables chairs apples oranges	9	無職A	M	70	0 t 229 a 1935 b 3436 l 2325 e 496 s 1391 SPACE 7947 c 1629 h 5278 a 966 i 2889 r 1054 s 2180 SPACE 1409 a 1211 p 149 p 3605 l 2760 e 535 s 1557 SPACE 3004 o 1989 r 1773 a 3381 Backspace 363 Backspace 2107 r 2585 a 2064 n 3691 g 1186 e 1103 s 1164 Enter
tables chairs apples oranges	9	無職A	M	70	0 t 464 a 2190 b 2405 l 2206 e 598 s 1529 SPACE 5131 c 347 h 2538 a 4453 i 2545 r 713 s 1100 SPACE 2793 a 946 p 183 p 3472 l 1825 e 593 s 1527 SPACE 1983 o 2129 r 1794 a 2256 n 3271 g 1358 e 623 s 3566 Enter
tables chairs apples oranges	9	無職A	M	70	0 t 484 a 2040 b 2949 i 1722 Backspace 794 l 2220 e 676 s 1517 SPACE 3163 c 949 h 2005 a 2657 i 2684 r 1509 s 1253 SPACE 2073 a 1934 p 164 p 3324 l 4280 Backspace 2563 i 2302 Backspace 1457 l 3112 e 664 s 1602 SPACE 1400 o 2428 r 1570 a 2138 n 2245 g 1870 e 544 s
tabeles chairs apples oranges	10	会社員A	M	50	0 t 122 a 1046 b 173 e 962 l 2262 e 745 s 1085 SPACE 1882 c 980 h 149 a 2258 i 503 r 2531 s 2947 SPACE 1339 a 344 p 123 p 493 l 1453 e 954 s 2236 SPACE 594 o 898 r 98 a 572 n 879 g 105 e 1530 s 589 Enter
tabeles chairs apples oranges	10	会社員A	M	50	0 t 433 a 1333 b 1681 l 1412 e 300 s 869 SPACE 2198 c 1314 h 165 a 1801 i 1858 r 542 s 1084 SPACE 1590 a 307 p 141 p 1242 l 368 e 824 s 769 SPACE 541 o 757 r 77 a 599 n 982 g 118 e 1037 s 483 Enter
tabeles chairs apples oranges	10	会社員A	M	50	0 t 122 a 770 b 1646 l 109 e 234 s 586 SPACE 2052 c 575 h 162 a 2066 i 594 r 1123 s 576 SPACE 987 a 300 p 140 p 1147 l 496 e 2521 s 1091 SPACE 760 o 742 r 79 a 491 m 1033 Backspace 402 n 724 g 143 e 1241 s 315 Enter
tabeles chairs apples oranges	10	会社員A	M	50	0 t 116 a 1518 b 1013 l 90 e 244 s 881 SPACE 1388 c 247 h 158 a 1428 i 922 r 123 s 691 SPACE 629 a 295 p 127 p 672 l 122 e 361 s 838 SPACE 627 o 619 r 58 a 505 n 484 g 70 e 930 s 987 Enter
tabeles chairs apples oranges	10	会社員A	M	50	0 t 77 a 1646 b 1221 l 115 e 310 s 1023 SPACE 1482 c 463 h 643 a 2845 i 1359 r 153 s 1067 SPACE 688 a 1620 p 143 p 1585 l 126 e 725 s 679 SPACE 608 o 574 r 32 a 607 n 2757 g 145 e 824 s 1569 Enter
tables chairs apples oranges	11	接客業A	M	40	0 t 111 a 856 b 2215 i 4372 Backspace 1876 l 658 e 2255 s 1078 SPACE 3356 c 932 h 2539 a 1194 i 2429 r 698 s 618 SPACE 1441 a 1141 p 288 p 2096 l 649 e 778 s 802 SPACE 1245 o 2691 r 1060 a 1311 n 989 g 1435 e 645 s 961 Enter
tables chairs apples oranges	11	接客業A	M	40	0 t 173 a 1633 b 2174 l 177 e 580 s 550 SPACE 1914 c 1511 h 1124 a 919 i 2581 r 863 s 555 SPACE 844 a 713 p 249 p 1254 l 2569 e 219 s 736 SPACE 889 o 1536 r 355 a 1453 n 1560 g 379 e 547 s 1625 Enter
tables chairs apples oranges	11	接客業A	M	40	0 t 103 a 2259 b 2368 l 1986 e 537 s 541 SPACE 1397 c 1110 h 1711 a 1722 i 525 r 2221 s 1112 SPACE 788 a 1213 p 222 p 1113 l 1268 e 1097 s 420 SPACE 952 o 682 r 1371 a 2891 n 1619 g 152 e 486 s 1757 Enter
tables chairs apples orenges	11	接客業A	M	40	0 t 125 a 4306 b 962 i 276 e 523 s 970 SPACE 3410 Backspace 200 Backspace 197 Backspace 421 Backspace 227 Backspace 182 Backspace 193 Backspace 1224 t 159 a 957 b 1849 l 437 e 750 s 403 SPACE 1541 c 1596 h 1271 a 2459 i 371 r 589 s 586 SPACE 863 a 789 p 451 p 1058 l 409 e 257 s 351 SPACE 1098 o 408 r 213 e 809 n 652 g 193 e 479 s 1379 Enter
tables chairs apples orenges	11	接客業A	M	40	0 t 193 a 2210 b 1181 l 330 e 261 s 1354 SPACE 1756 c 1193 h 1108 a 724 r 1344 i 687 s 416 SPACE 2149 Backspace 14619 Backspace 279 Backspace 567 Backspace 2405 i 837 r 469 s 792 SPACE 1506 a 820 p 165 p 1879 l 121 e 309 s 624 SPACE 1275 o 604 r 498 a 584 n 722 g 212 e 311 s 1896 Enter
tables chairs apples oranges	12	接客業B	F	40	0 t 134 s 483 b 627 l 636 e 2233 Backspace 173 Backspace 135 Backspace 133 Backspace 949 a 715 b 1017 l 253 e 1424 s 656 SPACE 1541 c 234 h 1277 i 650 r 1565 s 888 SPACE 1948 a 818 p 155 p 1581 l 329 e 1436 s 540 SPACE 1661 o 639 r 240 a 1674 n 217 g 1866 e 213 s 19976 Backspace 699 Backspace 500 Backspace 83 Backspace 84 Backspace 85 Backspace 84 Backspace 82 Backspace 85 Backspace 84 Backspace 84 Backspace 223 Backspace 196 Backspace 169 Backspace 158 Backspace 173 Backspace 317 Backspace 369 Backspace 1921 a 946 i 362 r 713 t 1961 Backspace 1115 s 715 SPACE 2049 a 644 p 159 p 1437 l 391 e 268 s 693 SPACE 1735 o 592 r 2270 a 399 n 294 g 1726 g 446 e 146 s 2249 Backspace 236 Backspace 409 Backspace 812 e 230 s 3514 Enter
tables chairs apples oranges	12	接客業B	F	40	0 t 167 a 644 b 374 l 318 e 1678 s 424 SPACE 1510 c 355 h 375 a 387 i 1892 r 543 s 719 SPACE 1439 a 520 p 215 p 682 l 883 Backspace 888 b 588 l 602 e 1368 s 318 SPACE 1448 o 721 r 1850 a 597 n 228 g 1532 e 330 s 4387 Backspace 180 Backspace 156 Backspace 147 Backspace 163 Backspace 146 Backspace 135 Backspace 136 Backspace 199 Backspace 350 Backspace 1042 Backspace 997 e 222 s 3694 Backspace 396 Backspace 449 Backspace 942 l 577 e 138 s 343 SPACE 1154 o 416 r 309 a 5404 n 202 g 1985 e 221 s 1415 Enter
table chairs apples oranges	12	接客業B	F	40	0 t 212 a 666 b 510 l 269 e 195 SPACE 1309 c 572 h 570 a 736 i 354 r 3200 s 1441 SPACE 414 a 806 p 1564 p 393 l 301 e 249 s 240 SPACE 1705 o 1176 r 211 a 1568 n 207 g 1443 e 130 s 916 Enter
table chairs apples oranges 	12	接客業B	F	40	0 t 262 a 402 b 829 l 252 e 375 SPACE 1038 c 304 h 709 a 436 u 1312 Backspace 1577 i 501 r 1576 s 1177 SPACE 1571 a 400 p 1192 p 454 l 297 e 287 s 374 SPACE 1171 o 814 r 163 a 1927 n 238 g 1038 e 173 s 277 SPACE 1395 Enter
tables chairs apples oranges	12	接客業B	F	40	0 t 218 a 749 b 727 k 5 l 348 e 1298 Backspace 179 Backspace 393 Backspace 730 l 292 e 468 s 258 SPACE 2486 Backspace 315 Backspace 4923 SPACE 324 c 395 h 992 Backspace 136 Backspace 419 Backspace 812 Backspace 4693 e 1685 s 344 SPACE 1156 c 381 h 290 a 222 i 464 r 186 t 1294 Backspace 653 Backspace 3681 r 226 s 322 SPACE 2062 a 1227 p 174 p 891 l 216 e 255 s 2124 SPACE 1823 o 372 r 303 a 1398 n 226 g 577 e 156 s 1299 Enter
tables chairs apples oranges	13	接客業C	F	20	0 t 210 a 486 b 445 l 296 e 1331 s 1743 SPACE 430 c 398 h 281 a 494 i 1640 e 1214 Backspace 496 r 312 t 1425 Backspace 477 s 234 SPACE 1908 a 772 p 161 p 607 l 225 e 211 s 958 SPACE 1439 o 571 r 273 a 373 n 213 g 1028 e 256 s 20257 Enter
tables chairs apples oranges	13	接客業C	F	20	0 t 2813 a 10465 b 2983 i 3121 Backspace 1338 l 3306 e 2236 s 2287 SPACE 12989 c 2317 h 1788 a 3407 i 4008 r 1452 s 2272 SPACE 2321 a 6273 p 245 p 2333 l 2022 e 1919 s 1418 SPACE 3826 o 2383 r 2284 a 3499 n 4816 g 2965 e 1496 s 1975 Enter
tables chairs apples oranges	13	接客業C	F	20	0 t 1893 a 5350 b 5087 l 540 e 1928 s 1916 SPACE 3204 c 504 h 1312 a 2756 i 3096 r 1713 s 1370 SPACE 2389 a 3691 p 354 p 3424 l 1642 w 1932 Backspace 1829 e 1630 s 873 SPACE 2041 o 2733 r 1209 a 2811 n 3201 g 2183 e 1084 s 2615 Enter
tables chairs apples oranges	13	接客業C	F	20	0 t 721 a 2095 b 3003 l 1565 e 1254 s 3177 SPACE 5894 c 1749 h 1312 a 4112 i 2541 r 1537 s 2570 SPACE 1569 a 3030 p 204 p 3656 l 2487 e 1152 s 925 SPACE 1778 o 1488 r 1257 a 1683 m 1130 Backspace 811 n 5989 j 1748 Backspace 3514 g 1746 e 1767 s 2009 Enter
tables chairs apples oranges	13	接客業C	F	20	0 t 1258 a 5132 b 2761 i 1836 Backspace 2162 l 2283 e 1476 s 2154 SPACE 4029 c 1819 h 4535 a 4080 i 2486 r 1599 s 1166 SPACE 2168 a 2467 p 359 p 4154 l 1519 e 700 s 1215 SPACE 1412 o 2244 r 1051 a 1881 n 2146 j 1347 Backspace 7065 g 2466 e 1156 s 3737 Enter
tables chairs appies oranges	14	接客業D	M	40	0 t 299 a 1274 b 2129 l 298 e 259 s 945 SPACE 2617 c 1267 h 385 a 265 i 1659 r 275 s 607 SPACE 689 a 354 p 234 p 1236 i 833 e 1562 s 829 SPACE 889 o 426 r 246 a 484 n 1130 g 302 e 326 s 1306 Enter
tables chairs apples oranges	14	接客業D	M	40	0 t 608 a 1633 b 1545 l 282 e 437 s 214 SPACE 1267 c 509 h 880 a 621 i 1625 r 560 s 302 SPACE 1041 a 316 p 247 p 768 l 759 e 677 s 358 SPACE 719 o 359 r 958 a 464 n 540 g 183 e 736 s 610 Enter
tables chairs apples oranges	14	接客業D	M	40	0 t 204 a 2062 b 1068 l 208 e 757 s 303 SPACE 1141 c 477 h 1354 a 465 i 371 r 260 s 733 SPACE 695 a 469 p 351 p 1014 l 304 e 196 s 434 SPACE 586 o 394 r 149 a 417 n 327 g 437 e 214 s 934 Enter
tables chairs apples oranges	14	接客業D	M	40	0 t 561 a 1044 b 415 l 308 e 1053 s 267 SPACE 1547 c 258 h 971 a 343 i 590 r 250 s 385 SPACE 1191 a 303 p 416 p 708 l 332 e 1027 s 290 SPACE 1360 o 1014 r 228 a 1123 n 314 g 227 e 187 s 1853 Enter
tables chairs apples oranges	14	接客業D	M	40	0 t 413 a 221 b 1797 l 186 e 243 s 269 SPACE 1421 c 806 h 767 a 746 i 1484 r 219 s 744 SPACE 637 a 316 p 310 p 771 l 240 e 227 s 301 SPACE 1091 o 935 r 157 a 546 n 301 g 270 e 196 s 1231 Enter
tables chairs apples oranges	15	飲食店	F	20	0 t 253 a 629 b 507 l 211 e 216 s 392 SPACE 1148 c 198 h 228 a 320 i 187 r 613 s 281 SPACE 661 a 274 p 206 p 266 l 180 e 203 s 166 SPACE 1144 o 155 r 262 a 153 n 205 g 297 e 588 s 728 Enter
tables chairs apples oranges	15	飲食店	F	20	0 t 146 a 767 b 225 l 218 e 221 s 172 SPACE 413 c 202 h 189 a 253 i 202 r 301 s 194 SPACE 582 a 320 p 193 p 256 l 206 e 214 s 217 SPACE 835 o 249 r 318 a 186 n 172 g 217 e 219 s 705 Enter
tables chairs apples oranges	15	飲食店	F	20	0 t 178 a 954 b 258 l 206 e 224 s 190 SPACE 408 c 194 h 314 a 1520 i 209 r 253 s 180 SPACE 372 a 280 p 186 p 210 l 148 e 219 s 260 SPACE 626 o 187 r 525 a 222 n 175 g 189 e 268 s 488 Enter
tables chairs apples oranges	15	飲食店	F	20	0 t 308 a 410 b 232 l 229 e 211 s 186 SPACE 608 c 197 h 755 a 269 i 214 e 868 Backspace 283 r 322 s 213 SPACE 484 a 315 p 407 p 322 l 181 e 222 s 149 SPACE 690 o 228 r 320 a 160 n 176 g 228 e 220 w 1114 Backspace 157 s 733 Enter
tables chairs apples oranges	15	飲食店	F	20	0 t 244 a 360 b 632 l 207 e 198 s 260 SPACE 405 c 196 h 723 a 197 i 177 r 352 s 181 SPACE 673 a 269 p 200 p 260 l 237 e 219 s 274 SPACE 513 o 215 r 321 a 169 n 200 g 212 e 264 s 1474 Enter
tables chairs apples oranges	16	文系大学生	F	19	0 t 132 a 830 b 217 l 218 a 1195 Backspace 675 e 318 s 174 SPACE 1688 c 217 h 128 a 238 i 1198 r 547 s 120 SPACE 2022 a 367 p 162 p 241 l 197 e 289 s 336 SPACE 1379 o 729 r 96 a 312 n 580 g 108 e 304 s 935 Enter
tables chairs apples oranges	16	文系大学生	F	19	0 t 211 a 552 b 290 l 170 e 371 s 141 SPACE 1458 c 227 h 155 a 250 i 357 r 449 s 130 SPACE 1311 a 724 p 186 p 206 l 189 e 294 s 232 SPACE 586 o 618 r 73 a 269 n 551 g 171 e 331 s 236 SPACE 684 Backspace 655 Enter
tables chairs apples oranges	16	文系大学生	F	19	0 t 106 a 787 b 384 l 173 e 291 s 147 SPACE 1343 c 890 h 168 a 195 i 545 r 406 s 328 SPACE 1517 a 360 p 162 p 267 l 394 e 272 s 234 SPACE 1835 o 696 r 79 a 362 n 561 g 144 e 263 s 467 Enter
tables chairs apples oranges	16	文系大学生	F	19	0 t 108 a 462 b 264 l 171 e 236 s 236 SPACE 803 a 598 Backspace 1044 c 310 h 141 a 184 i 276 r 281 s 135 SPACE 674 p 555 Backspace 348 a 508 p 359 p 206 l 365 e 262 s 216 SPACE 565 o 417 r 81 a 258 n 411 g 106 e 283 s 446 Enter
tables chairs apples oranges	16	文系大学生	F	19	0 t 100 a 360 b 194 l 347 e 244 s 789 SPACE 809 c 240 h 250 a 207 i 351 r 303 s 561 SPACE 856 a 249 p 247 p 243 l 177 e 244 s 298 SPACE 452 o 466 r 131 a 227 n 432 g 112 e 231 s 3423 Enter
tables chairs apples oranges	17	学生B	F	20	0 t 59 a 329 b 213 l 450 e 299 s 179 SPACE 711 c 302 h 101 a 148 i 472 r 644 s 125 SPACE 410 a 645 p 86 p 166 l 822 e 238 s 180 SPACE 509 o 327 r 100 a 200 n 415 g 137 e 226 s 571 Enter
tables chairs apples oranges	17	学生B	F	20	0 t 69 a 331 b 323 l 166 e 421 s 326 SPACE 468 c 311 h 164 a 149 i 289 r 422 s 139 SPACE 575 a 211 p 90 p 228 l 222 e 364 s 401 SPACE 679 o 750 r 80 a 205 n 179 g 183 e 467 s 394 Enter
tables chairs apples oranges	17	学生B	F	20	0 t 104 a 413 b 235 l 148 e 278 s 230 SPACE 727 c 270 h 81 a 145 i 338 r 478 s 349 SPACE 527 a 168 p 81 p 336 l 213 e 470 s 312 SPACE 460 o 362 r 93 a 176 n 235 g 439 e 226 s 420 Enter
tables chairs aoples oranges	17	学生B	F	20	0 t 91 a 263 b 230 k 339 Backspace 665 l 89 e 364 s 678 SPACE 561 c 202 h 88 a 156 i 283 r 470 s 356 SPACE 410 a 224 o 476 p 225 l 97 e 474 s 456 SPACE 810 o 332 r 65 a 172 m 928 g 183 e 572 Backspace 207 Backspace 125 Backspace 576 n 970 g 120 e 465 s 471 Enter
tables chairs apples oranges	17	学生B	F	20	0 t 65 a 370 b 344 l 168 e 352 s 150 SPACE 903 c 257 h 84 a 151 i 508 r 548 s 174 SPACE 1020 a 217 p 91 p 495 l 212 e 416 s 325 SPACE 918 o 392 r 68 a 217 n 174 g 96 e 295 s 497 Enter
tables chairs apples oranges	18	会社員B	M	50	0 t 177 a 7286 b 7859 l 1412 e 1463 s 696 SPACE 2339 c 1245 h 809 a 596 i 1191 r 1681 s 753 SPACE 691 a 539 p 162 p 316 l 347 e 346 s 650 SPACE 1531 o 1078 r 146 a 360 n 399 g 294 e 1236 s 3783 Enter
tables chairs apples oranges	18	会社員B	M	50	0 t 81 a 1898 b 1905 l 265 e 334 s 672 SPACE 1375 c 203 h 200 a 1896 i 1133 r 330 s 2701 SPACE 604 a 513 p 203 p 1435 l 336 e 348 s 759 SPACE 1046 o 1087 r 106 a 474 n 410 g 119 e 476 s 4166 Enter
tables chairs apples oranges	18	会社員B	M	50	0 t 110 a 1242 b 420 l 171 e 352 s 571 SPACE 2300 c 134 h 196 a 506 i 706 r 666 s 1125 SPACE 2150 a 354 p 166 p 588 l 235 e 358 s 725 SPACE 884 o 329 r 49 a 398 n 411 g 137 e 400 s 2089 Enter
tables chairs apples oranges	18	会社員B	M	50	0 t 38 a 1490 b 594 l 646 e 458 s 367 SPACE 2965 c 598 h 211 a 471 i 702 e 1311 Backspace 1392 r 567 s 1124 SPACE 1029 a 638 p 143 p 324 l 121 e 496 s 853 SPACE 1237 o 322 r 53 a 1003 n 510 g 133 e 638 s 937 Enter
tables chairs apples oranges	18	会社員B	M	50	0 t 111 a 788 b 556 l 157 e 596 s 1288 SPACE 1520 g 1286 Backspace 811 c 789 h 1281 a 894 i 475 r 505 s 844 SPACE 767 a 557 p 147 p 239 l 186 e 474 s 801 SPACE 944 o 498 r 95 a 431 n 855 g 144 e 1359 g 2137 Backspace 1667 s 6577 Enter
tables chairs apples oranges	19	主婦B	F	50	0 t 781 a 494 b 970 l 270 e 691 s 1980 SPACE 1268 c 251 h 473 a 504 i 392 r 879 s 1349 SPACE 495 a 538 p 195 p 1588 l 564 e 911 s 1510 SPACE 940 o 889 r 899 a 287 n 510 g 898 e 1132 s 867 Enter
tables chairs apples oranges	19	主婦B	F	50	0 t 558 a 1111 b 465 l 333 e 288 s 1851 SPACE 1514 c 248 h 267 a 229 i 459 r 535 s 693 SPACE 985 a 501 p 180 p 567 l 424 e 257 s 976 SPACE 819 o 1085 r 264 a 3812 n 283 g 315 e 294 s 2223 Enter
tables chairs apples oranges	19	主婦B	F	50	0 t 459 a 366 b 475 l 379 e 214 s 877 SPACE 666 c 355 h 218 a 625 i 516 r 305 s 1139 SPACE 525 a 830 p 186 p 1196 l 431 e 261 s 1519 SPACE 556 o 380 r 196 a 1132 n 268 g 462 e 261 s 3132 Enter
tables chairs apples oranges	19	主婦B	F	50	0 t 375 a 270 b 592 l 284 e 195 s 788 SPACE 1213 c 189 h 243 a 842 i 231 r 1971 s 1481 SPACE 480 a 742 p 184 p 662 l 434 e 259 s 803 SPACE 472 o 336 r 183 a 1179 n 329 g 406 e 316 s 1953 Enter
tables chairs apples ora ges	19	主婦B	F	50	0 t 323 a 257 b 478 l 331 e 208 s 1066 SPACE 559 c 338 h 215 a 246 i 897 r 360 s 913 SPACE 530 a 643 p 202 p 515 l 415 e 246 s 983 SPACE 674 o 332 r 189 a 705 SPACE 780 g 452 e 174 s 5780 Enter
tables chairs apples pranges	20	現代ビジネス学科	F	２０代	0 t 77 a 299 b 561 l 128 e 962 s 278 SPACE 1217 c 1109 h 120 a 239 i 513 r 696 s 528 SPACE 853 a 288 p 157 p 291 l 476 e 600 s 300 SPACE 898 p 212 r 62 a 140 n 557 g 102 e 293 s 892 Enter
tables chaiars apples oranges 	20	現代ビジネス学科	F	２０代	0 t 107 a 362 b 512 l 146 e 258 s 433 SPACE 618 c 545 h 138 a 498 i 868 a 705 r 471 s 271 SPACE 1531 a 315 p 126 p 215 l 100 e 222 s 238 SPACE 3088 o 357 r 105 a 169 n 245 g 101 e 334 s 290 SPACE 561 Enter
tables chairs applkes oranges 	20	現代ビジネス学科	F	２０代	0 t 92 a 364 b 340 k 230 e 947 Backspace 161 Backspace 686 l 114 e 243 s 316 SPACE 597 c 579 h 128 a 212 i 311 r 559 s 306 SPACE 585 a 264 p 132 p 262 l 6 k 97 e 256 s 410 SPACE 1087 o 354 r 107 a 125 n 223 g 123 e 227 s 228 SPACE 891 Enter
tables chairs apples oranges 	20	現代ビジネス学科	F	２０代	0 t 113 a 316 b 298 l 137 e 344 s 320 SPACE 1426 c 533 h 127 a 211 i 327 r 442 s 293 SPACE 1201 a 867 p 148 p 372 l 125 e 250 s 254 SPACE 2174 o 275 r 65 a 172 n 516 g 110 e 263 s 221 SPACE 541 Enter
tabkes chairs apples oranges 	20	現代ビジネス学科	F	２０代	0 t 106 a 607 b 370 k 106 e 285 s 271 SPACE 1441 c 1669 h 704 a 466 i 480 r 289 s 283 SPACE 524 a 291 p 142 p 390 l 212 e 359 s 348 SPACE 927 o 225 r 100 a 640 n 286 g 129 e 204 s 264 SPACE 408 Enter
tables chairs apples  oranges	21	飲食店A	M	20	0 t 151 a 752 b 260 l 278 e 545 s 1526 SPACE 399 c 195 h 220 a 224 i 322 r 189 s 203 SPACE 710 a 351 p 143 p 362 l 319 e 2073 s 773 SPACE 746 SPACE 1065 o 369 r 149 a 453 n 304 g 271 e 655 s 3667 Enter
tables chairs apples oranges	21	飲食店A	M	20	0 t 171 a 596 b 324 l 297 e 1162 s 139 SPACE 675 c 205 h 141 a 237 i 464 r 223 s 194 SPACE 1973 a 614 p 176 p 230 l 334 e 1160 s 430 SPACE 747 o 518 r 139 a 443 n 391 g 338 e 504 r 1270 Backspace 143 s 612 Enter
tables chairs apples oranges	21	飲食店A	M	20	0 t 222 a 807 b 298 l 320 e 266 s 230 SPACE 752 c 241 h 143 a 242 i 742 r 182 s 433 SPACE 512 a 315 p 133 p 266 l 320 e 336 s 459 SPACE 1048 o 351 r 165 a 357 n 311 g 245 e 983 s 12574 Enter
tables chairs apples oranges	21	飲食店A	M	20	0 t 170 a 399 b 409 l 331 e 1953 s 502 SPACE 993 c 220 h 166 a 209 i 471 r 187 s 599 SPACE 432 a 321 p 130 p 208 l 264 e 685 s 318 SPACE 482 p 950 Backspace 357 o 443 r 170 a 431 n 311 g 217 e 238 s 892 Enter
tables chairs apples oranges	21	飲食店A	M	20	0 t 519 a 160 l 1067 Backspace 706 b 294 l 258 e 267 s 304 SPACE 593 c 223 h 136 a 169 i 263 e 821 Backspace 297 r 306 s 314 SPACE 471 a 319 p 145 p 176 l 245 e 342 s 271 SPACE 1596 o 410 r 121 a 370 n 210 g 273 e 755 s 1994 Enter
tables chairs apples oranges	22	接客業E	F	50	0 t 1073 a 817 b 1304 l 1308 e 271 s 1532 SPACE 1690 c 744 h 1847 a 2018 i 683 r 505 s 953 SPACE 1127 a 559 p 343 p 1334 l 1914 e 1417 s 1195 SPACE 2752 o 864 r 1193 a 2144 n 1332 g 1622 e 478 s 1963 Enter
tables chairs apples oranges	22	接客業E	F	50	0 t 303 a 1161 b 1546 l 2093 e 2824 s 1250 SPACE 1777 c 2149 h 713 a 1923 i 1747 r 479 s 1058 SPACE 546 a 469 p 315 p 1384 l 1272 e 272 s 1556 SPACE 905 o 1728 r 368 a 883 n 1694 g 493 e 260 s 1272 Enter
tables chairs apples oranges	22	接客業E	F	50	0 t 307 a 922 b 1832 l 1068 e 242 s 860 SPACE 1291 c 2345 h 278 a 2547 i 2367 r 291 s 1148 SPACE 572 a 638 p 266 p 1430 l 1191 e 253 s 949 SPACE 1198 o 1726 r 316 a 1193 n 1256 g 733 e 990 s 1236 Enter
tables chairs apples oranges	22	接客業E	F	50	0 t 300 a 800 b 844 l 1749 e 250 s 1266 SPACE 1318 c 2255 h 436 a 2620 i 2361 r 302 s 1292 SPACE 1656 a 811 p 320 p 2585 l 1539 e 247 s 957 SPACE 2674 o 676 r 1117 a 646 n 2351 g 1082 e 285 s 2139 Enter
tables chairs apples oranges	22	接客業E	F	50	0 t 239 a 2029 b 2756 l 1564 e 249 s 1342 SPACE 772 c 2222 h 1275 a 3000 i 7091 r 1066 s 1008 SPACE 537 a 513 p 234 p 2213 l 1619 e 279 s 1349 SPACE 1141 o 1757 r 268 a 1445 n 2037 g 1034 e 231 s 27112 Enter